{
  "phase": "AZ1",
  "MCE": 65.02283653846153,
  "MdCE": 49.0,
  "CRMSE": 82.80882176156392,
  "ACC_15": 0.16826923076923078,
  "ACC_30": 0.34975961538461536,
  "ACC_45": 0.4879807692307692,
  "ACC_90": 0.6887019230769231,
  "AZ1_STRENGTH": "WEAK",
  "n_pairs": 832,
  "nan_count": 0,
  "inf_count": 0,
  "dup_count": 0,
  "checkpoint_sha256": "1b114ce6cb7e4df111cf0c6bf38274137294b61c8e0dffab4f79950d68251a00"
}